{
    "races": 19,
    "hit_rate_top1": 0.42105263157894735,
    "hit_rate_top3": 0.5789473684210527,
    "hit_rate_top5": 0.7894736842105263,
    "surprise_winners_missed": 2,
    "risk_breakdown": {
        "NORMAL": {
            "count": 17,
            "hit1": 0.4117647058823529,
            "hit3": 0.5294117647058824
        },
        "R\u0130SKL\u0130": {
            "count": 2,
            "hit1": 0.5,
            "hit3": 1.0
        }
    }
}