{
    "races": 17,
    "hit_rate_top1": 0.23529411764705882,
    "hit_rate_top3": 0.7058823529411765,
    "hit_rate_top5": 0.7647058823529411,
    "surprise_winners_missed": 3,
    "risk_breakdown": {
        "NORMAL": {
            "count": 12,
            "hit1": 0.25,
            "hit3": 0.8333333333333334
        },
        "R\u0130SKL\u0130": {
            "count": 4,
            "hit1": 0.25,
            "hit3": 0.5
        },
        "S\u00dcRPR\u0130ZE_A\u00c7IK": {
            "count": 1,
            "hit1": 0.0,
            "hit3": 0.0
        }
    }
}