{
    "races": 25,
    "hit_rate_top1": 0.2,
    "hit_rate_top3": 0.6,
    "hit_rate_top5": 0.76,
    "surprise_winners_missed": 5,
    "risk_breakdown": {
        "NORMAL": {
            "count": 18,
            "hit1": 0.16666666666666666,
            "hit3": 0.5555555555555556
        },
        "R\u0130SKL\u0130": {
            "count": 5,
            "hit1": 0.2,
            "hit3": 0.6
        },
        "S\u00dcRPR\u0130ZE_A\u00c7IK": {
            "count": 2,
            "hit1": 0.5,
            "hit3": 1.0
        }
    }
}