{
    "races": 17,
    "hit_rate_top1": 0.23529411764705882,
    "hit_rate_top3": 0.4117647058823529,
    "hit_rate_top5": 0.5882352941176471,
    "surprise_winners_missed": 3,
    "risk_breakdown": {
        "BANKO": {
            "count": 1,
            "hit1": 0.0,
            "hit3": 1.0
        },
        "NORMAL": {
            "count": 14,
            "hit1": 0.2857142857142857,
            "hit3": 0.42857142857142855
        },
        "R\u0130SKL\u0130": {
            "count": 1,
            "hit1": 0.0,
            "hit3": 0.0
        },
        "S\u00dcRPR\u0130ZE_A\u00c7IK": {
            "count": 1,
            "hit1": 0.0,
            "hit3": 0.0
        }
    }
}