{
    "races": 17,
    "hit_rate_top1": 0.23529411764705882,
    "hit_rate_top3": 0.6470588235294118,
    "hit_rate_top5": 0.7058823529411765,
    "surprise_winners_missed": 4,
    "risk_breakdown": {
        "NORMAL": {
            "count": 9,
            "hit1": 0.2222222222222222,
            "hit3": 0.6666666666666666
        },
        "R\u0130SKL\u0130": {
            "count": 8,
            "hit1": 0.25,
            "hit3": 0.625
        }
    }
}