{
    "races": 18,
    "hit_rate_top1": 0.2222222222222222,
    "hit_rate_top3": 0.5555555555555556,
    "hit_rate_top5": 0.7777777777777778,
    "surprise_winners_missed": 2,
    "risk_breakdown": {
        "NORMAL": {
            "count": 10,
            "hit1": 0.1,
            "hit3": 0.5
        },
        "R\u0130SKL\u0130": {
            "count": 3,
            "hit1": 0.0,
            "hit3": 0.3333333333333333
        },
        "S\u00dcRPR\u0130ZE_A\u00c7IK": {
            "count": 5,
            "hit1": 0.6,
            "hit3": 0.8
        }
    }
}