{
    "races": 17,
    "hit_rate_top1": 0.47058823529411764,
    "hit_rate_top3": 0.7647058823529411,
    "hit_rate_top5": 0.8235294117647058,
    "surprise_winners_missed": 1,
    "risk_breakdown": {
        "NORMAL": {
            "count": 16,
            "hit1": 0.4375,
            "hit3": 0.75
        },
        "S\u00dcRPR\u0130ZE_A\u00c7IK": {
            "count": 1,
            "hit1": 1.0,
            "hit3": 1.0
        }
    }
}