{
    "races": 20,
    "hit_rate_top1": 0.05,
    "hit_rate_top3": 0.45,
    "hit_rate_top5": 0.8,
    "surprise_winners_missed": 4,
    "risk_breakdown": {
        "NORMAL": {
            "count": 9,
            "hit1": 0.0,
            "hit3": 0.6666666666666666
        },
        "R\u0130SKL\u0130": {
            "count": 7,
            "hit1": 0.0,
            "hit3": 0.2857142857142857
        },
        "S\u00dcRPR\u0130ZE_A\u00c7IK": {
            "count": 4,
            "hit1": 0.25,
            "hit3": 0.25
        }
    }
}