{
    "races": 19,
    "hit_rate_top1": 0.2631578947368421,
    "hit_rate_top3": 0.47368421052631576,
    "hit_rate_top5": 0.7894736842105263,
    "surprise_winners_missed": 3,
    "risk_breakdown": {
        "NORMAL": {
            "count": 12,
            "hit1": 0.25,
            "hit3": 0.5
        },
        "R\u0130SKL\u0130": {
            "count": 7,
            "hit1": 0.2857142857142857,
            "hit3": 0.42857142857142855
        }
    }
}