{
    "races": 18,
    "hit_rate_top1": 0.2777777777777778,
    "hit_rate_top3": 0.5555555555555556,
    "hit_rate_top5": 0.7777777777777778,
    "surprise_winners_missed": 1,
    "risk_breakdown": {
        "NORMAL": {
            "count": 9,
            "hit1": 0.1111111111111111,
            "hit3": 0.4444444444444444
        },
        "R\u0130SKL\u0130": {
            "count": 8,
            "hit1": 0.375,
            "hit3": 0.625
        },
        "S\u00dcRPR\u0130ZE_A\u00c7IK": {
            "count": 1,
            "hit1": 1.0,
            "hit3": 1.0
        }
    }
}