{
    "races": 20,
    "hit_rate_top1": 0.4,
    "hit_rate_top3": 0.65,
    "hit_rate_top5": 0.85,
    "surprise_winners_missed": 2,
    "risk_breakdown": {
        "NORMAL": {
            "count": 11,
            "hit1": 0.45454545454545453,
            "hit3": 0.7272727272727273
        },
        "R\u0130SKL\u0130": {
            "count": 6,
            "hit1": 0.3333333333333333,
            "hit3": 0.6666666666666666
        },
        "S\u00dcRPR\u0130ZE_A\u00c7IK": {
            "count": 3,
            "hit1": 0.3333333333333333,
            "hit3": 0.3333333333333333
        }
    }
}