{
    "races": 17,
    "hit_rate_top1": 0.29411764705882354,
    "hit_rate_top3": 0.6470588235294118,
    "hit_rate_top5": 0.7058823529411765,
    "surprise_winners_missed": 4,
    "risk_breakdown": {
        "NORMAL": {
            "count": 10,
            "hit1": 0.4,
            "hit3": 0.7
        },
        "R\u0130SKL\u0130": {
            "count": 4,
            "hit1": 0.0,
            "hit3": 0.5
        },
        "S\u00dcRPR\u0130ZE_A\u00c7IK": {
            "count": 3,
            "hit1": 0.3333333333333333,
            "hit3": 0.6666666666666666
        }
    }
}