{
    "races": 18,
    "hit_rate_top1": 0.3333333333333333,
    "hit_rate_top3": 0.5555555555555556,
    "hit_rate_top5": 0.7777777777777778,
    "surprise_winners_missed": 3,
    "risk_breakdown": {
        "NORMAL": {
            "count": 15,
            "hit1": 0.3333333333333333,
            "hit3": 0.5333333333333333
        },
        "R\u0130SKL\u0130": {
            "count": 3,
            "hit1": 0.3333333333333333,
            "hit3": 0.6666666666666666
        }
    }
}