{
    "races": 18,
    "hit_rate_top1": 0.2222222222222222,
    "hit_rate_top3": 0.4444444444444444,
    "hit_rate_top5": 0.7777777777777778,
    "surprise_winners_missed": 3,
    "risk_breakdown": {
        "NORMAL": {
            "count": 8,
            "hit1": 0.125,
            "hit3": 0.375
        },
        "R\u0130SKL\u0130": {
            "count": 9,
            "hit1": 0.3333333333333333,
            "hit3": 0.5555555555555556
        },
        "S\u00dcRPR\u0130ZE_A\u00c7IK": {
            "count": 1,
            "hit1": 0.0,
            "hit3": 0.0
        }
    }
}