{
    "races": 24,
    "hit_rate_top1": 0.25,
    "hit_rate_top3": 0.6666666666666666,
    "hit_rate_top5": 0.75,
    "surprise_winners_missed": 3,
    "risk_breakdown": {
        "NORMAL": {
            "count": 15,
            "hit1": 0.3333333333333333,
            "hit3": 0.7333333333333333
        },
        "R\u0130SKL\u0130": {
            "count": 6,
            "hit1": 0.16666666666666666,
            "hit3": 0.5
        },
        "S\u00dcRPR\u0130ZE_A\u00c7IK": {
            "count": 3,
            "hit1": 0.0,
            "hit3": 0.6666666666666666
        }
    }
}