{
    "races": 24,
    "hit_rate_top1": 0.20833333333333334,
    "hit_rate_top3": 0.5833333333333334,
    "hit_rate_top5": 0.8333333333333334,
    "surprise_winners_missed": 2,
    "risk_breakdown": {
        "NORMAL": {
            "count": 15,
            "hit1": 0.2,
            "hit3": 0.5333333333333333
        },
        "R\u0130SKL\u0130": {
            "count": 7,
            "hit1": 0.2857142857142857,
            "hit3": 0.8571428571428571
        },
        "S\u00dcRPR\u0130ZE_A\u00c7IK": {
            "count": 2,
            "hit1": 0.0,
            "hit3": 0.0
        }
    }
}