{
    "races": 19,
    "hit_rate_top1": 0.3684210526315789,
    "hit_rate_top3": 0.6842105263157895,
    "hit_rate_top5": 0.8421052631578947,
    "surprise_winners_missed": 1,
    "risk_breakdown": {
        "NORMAL": {
            "count": 11,
            "hit1": 0.45454545454545453,
            "hit3": 0.8181818181818182
        },
        "R\u0130SKL\u0130": {
            "count": 7,
            "hit1": 0.2857142857142857,
            "hit3": 0.5714285714285714
        },
        "S\u00dcRPR\u0130ZE_A\u00c7IK": {
            "count": 1,
            "hit1": 0.0,
            "hit3": 0.0
        }
    }
}