{
    "races": 16,
    "hit_rate_top1": 0.25,
    "hit_rate_top3": 0.625,
    "hit_rate_top5": 0.875,
    "surprise_winners_missed": 1,
    "risk_breakdown": {
        "NORMAL": {
            "count": 7,
            "hit1": 0.2857142857142857,
            "hit3": 0.8571428571428571
        },
        "R\u0130SKL\u0130": {
            "count": 7,
            "hit1": 0.0,
            "hit3": 0.2857142857142857
        },
        "S\u00dcRPR\u0130ZE_A\u00c7IK": {
            "count": 2,
            "hit1": 1.0,
            "hit3": 1.0
        }
    }
}