{
    "races": 20,
    "hit_rate_top1": 0.2,
    "hit_rate_top3": 0.45,
    "hit_rate_top5": 0.6,
    "surprise_winners_missed": 5,
    "risk_breakdown": {
        "NORMAL": {
            "count": 11,
            "hit1": 0.09090909090909091,
            "hit3": 0.36363636363636365
        },
        "R\u0130SKL\u0130": {
            "count": 6,
            "hit1": 0.16666666666666666,
            "hit3": 0.3333333333333333
        },
        "S\u00dcRPR\u0130ZE_A\u00c7IK": {
            "count": 3,
            "hit1": 0.6666666666666666,
            "hit3": 1.0
        }
    }
}