{
    "races": 19,
    "hit_rate_top1": 0.21052631578947367,
    "hit_rate_top3": 0.631578947368421,
    "hit_rate_top5": 0.7368421052631579,
    "surprise_winners_missed": 3,
    "risk_breakdown": {
        "NORMAL": {
            "count": 7,
            "hit1": 0.42857142857142855,
            "hit3": 0.42857142857142855
        },
        "R\u0130SKL\u0130": {
            "count": 9,
            "hit1": 0.1111111111111111,
            "hit3": 0.7777777777777778
        },
        "S\u00dcRPR\u0130ZE_A\u00c7IK": {
            "count": 3,
            "hit1": 0.0,
            "hit3": 0.6666666666666666
        }
    }
}