{
    "races": 18,
    "hit_rate_top1": 0.2777777777777778,
    "hit_rate_top3": 0.7222222222222222,
    "hit_rate_top5": 0.9444444444444444,
    "surprise_winners_missed": 0,
    "risk_breakdown": {
        "NORMAL": {
            "count": 13,
            "hit1": 0.3076923076923077,
            "hit3": 0.7692307692307693
        },
        "R\u0130SKL\u0130": {
            "count": 4,
            "hit1": 0.25,
            "hit3": 0.5
        },
        "S\u00dcRPR\u0130ZE_A\u00c7IK": {
            "count": 1,
            "hit1": 0.0,
            "hit3": 1.0
        }
    }
}