{
    "races": 19,
    "hit_rate_top1": 0.2631578947368421,
    "hit_rate_top3": 0.5789473684210527,
    "hit_rate_top5": 0.8421052631578947,
    "surprise_winners_missed": 3,
    "risk_breakdown": {
        "NORMAL": {
            "count": 11,
            "hit1": 0.36363636363636365,
            "hit3": 0.6363636363636364
        },
        "R\u0130SKL\u0130": {
            "count": 8,
            "hit1": 0.125,
            "hit3": 0.5
        }
    }
}