{
    "races": 18,
    "hit_rate_top1": 0.2222222222222222,
    "hit_rate_top3": 0.5,
    "hit_rate_top5": 0.6111111111111112,
    "surprise_winners_missed": 6,
    "risk_breakdown": {
        "NORMAL": {
            "count": 8,
            "hit1": 0.25,
            "hit3": 0.75
        },
        "R\u0130SKL\u0130": {
            "count": 6,
            "hit1": 0.3333333333333333,
            "hit3": 0.3333333333333333
        },
        "S\u00dcRPR\u0130ZE_A\u00c7IK": {
            "count": 4,
            "hit1": 0.0,
            "hit3": 0.25
        }
    }
}