{
    "races": 17,
    "hit_rate_top1": 0.23529411764705882,
    "hit_rate_top3": 0.6470588235294118,
    "hit_rate_top5": 0.8235294117647058,
    "surprise_winners_missed": 2,
    "risk_breakdown": {
        "NORMAL": {
            "count": 13,
            "hit1": 0.23076923076923078,
            "hit3": 0.7692307692307693
        },
        "R\u0130SKL\u0130": {
            "count": 3,
            "hit1": 0.0,
            "hit3": 0.0
        },
        "S\u00dcRPR\u0130ZE_A\u00c7IK": {
            "count": 1,
            "hit1": 1.0,
            "hit3": 1.0
        }
    }
}