{
    "races": 15,
    "hit_rate_top1": 0.06666666666666667,
    "hit_rate_top3": 0.3333333333333333,
    "hit_rate_top5": 0.5333333333333333,
    "surprise_winners_missed": 4,
    "risk_breakdown": {
        "NORMAL": {
            "count": 6,
            "hit1": 0.16666666666666666,
            "hit3": 0.5
        },
        "R\u0130SKL\u0130": {
            "count": 8,
            "hit1": 0.0,
            "hit3": 0.125
        },
        "S\u00dcRPR\u0130ZE_A\u00c7IK": {
            "count": 1,
            "hit1": 0.0,
            "hit3": 1.0
        }
    }
}