{
    "races": 19,
    "hit_rate_top1": 0.15789473684210525,
    "hit_rate_top3": 0.5263157894736842,
    "hit_rate_top5": 0.7894736842105263,
    "surprise_winners_missed": 4,
    "risk_breakdown": {
        "NORMAL": {
            "count": 10,
            "hit1": 0.2,
            "hit3": 0.6
        },
        "R\u0130SKL\u0130": {
            "count": 6,
            "hit1": 0.0,
            "hit3": 0.5
        },
        "S\u00dcRPR\u0130ZE_A\u00c7IK": {
            "count": 3,
            "hit1": 0.3333333333333333,
            "hit3": 0.3333333333333333
        }
    }
}