{
    "races": 15,
    "hit_rate_top1": 0.2,
    "hit_rate_top3": 0.6,
    "hit_rate_top5": 0.6666666666666666,
    "surprise_winners_missed": 3,
    "risk_breakdown": {
        "NORMAL": {
            "count": 7,
            "hit1": 0.2857142857142857,
            "hit3": 0.7142857142857143
        },
        "R\u0130SKL\u0130": {
            "count": 6,
            "hit1": 0.16666666666666666,
            "hit3": 0.3333333333333333
        },
        "S\u00dcRPR\u0130ZE_A\u00c7IK": {
            "count": 2,
            "hit1": 0.0,
            "hit3": 1.0
        }
    }
}