{
    "races": 18,
    "hit_rate_top1": 0.2222222222222222,
    "hit_rate_top3": 0.5,
    "hit_rate_top5": 0.7222222222222222,
    "surprise_winners_missed": 1,
    "risk_breakdown": {
        "NORMAL": {
            "count": 11,
            "hit1": 0.2727272727272727,
            "hit3": 0.45454545454545453
        },
        "R\u0130SKL\u0130": {
            "count": 7,
            "hit1": 0.14285714285714285,
            "hit3": 0.5714285714285714
        }
    }
}