{
    "races": 15,
    "hit_rate_top1": 0.2,
    "hit_rate_top3": 0.6666666666666666,
    "hit_rate_top5": 0.7333333333333333,
    "surprise_winners_missed": 3,
    "risk_breakdown": {
        "NORMAL": {
            "count": 10,
            "hit1": 0.2,
            "hit3": 0.8
        },
        "R\u0130SKL\u0130": {
            "count": 4,
            "hit1": 0.0,
            "hit3": 0.25
        },
        "S\u00dcRPR\u0130ZE_A\u00c7IK": {
            "count": 1,
            "hit1": 1.0,
            "hit3": 1.0
        }
    }
}