{
    "races": 26,
    "hit_rate_top1": 0.11538461538461539,
    "hit_rate_top3": 0.46153846153846156,
    "hit_rate_top5": 0.6538461538461539,
    "surprise_winners_missed": 5,
    "risk_breakdown": {
        "NORMAL": {
            "count": 15,
            "hit1": 0.13333333333333333,
            "hit3": 0.4
        },
        "R\u0130SKL\u0130": {
            "count": 7,
            "hit1": 0.0,
            "hit3": 0.7142857142857143
        },
        "S\u00dcRPR\u0130ZE_A\u00c7IK": {
            "count": 4,
            "hit1": 0.25,
            "hit3": 0.25
        }
    }
}