{
    "races": 17,
    "hit_rate_top1": 0.23529411764705882,
    "hit_rate_top3": 0.6470588235294118,
    "hit_rate_top5": 0.8235294117647058,
    "surprise_winners_missed": 2,
    "risk_breakdown": {
        "NORMAL": {
            "count": 9,
            "hit1": 0.1111111111111111,
            "hit3": 0.6666666666666666
        },
        "R\u0130SKL\u0130": {
            "count": 7,
            "hit1": 0.42857142857142855,
            "hit3": 0.7142857142857143
        },
        "S\u00dcRPR\u0130ZE_A\u00c7IK": {
            "count": 1,
            "hit1": 0.0,
            "hit3": 0.0
        }
    }
}