{
    "races": 17,
    "hit_rate_top1": 0.4117647058823529,
    "hit_rate_top3": 0.5882352941176471,
    "hit_rate_top5": 0.7647058823529411,
    "surprise_winners_missed": 3,
    "risk_breakdown": {
        "NORMAL": {
            "count": 9,
            "hit1": 0.4444444444444444,
            "hit3": 0.6666666666666666
        },
        "R\u0130SKL\u0130": {
            "count": 7,
            "hit1": 0.42857142857142855,
            "hit3": 0.5714285714285714
        },
        "S\u00dcRPR\u0130ZE_A\u00c7IK": {
            "count": 1,
            "hit1": 0.0,
            "hit3": 0.0
        }
    }
}