{
    "races": 15,
    "hit_rate_top1": 0.3333333333333333,
    "hit_rate_top3": 0.7333333333333333,
    "hit_rate_top5": 0.7333333333333333,
    "surprise_winners_missed": 0,
    "risk_breakdown": {
        "NORMAL": {
            "count": 11,
            "hit1": 0.2727272727272727,
            "hit3": 0.8181818181818182
        },
        "R\u0130SKL\u0130": {
            "count": 3,
            "hit1": 0.6666666666666666,
            "hit3": 0.6666666666666666
        },
        "S\u00dcRPR\u0130ZE_A\u00c7IK": {
            "count": 1,
            "hit1": 0.0,
            "hit3": 0.0
        }
    }
}