{
    "races": 19,
    "hit_rate_top1": 0.21052631578947367,
    "hit_rate_top3": 0.47368421052631576,
    "hit_rate_top5": 0.631578947368421,
    "surprise_winners_missed": 5,
    "risk_breakdown": {
        "NORMAL": {
            "count": 9,
            "hit1": 0.3333333333333333,
            "hit3": 0.4444444444444444
        },
        "R\u0130SKL\u0130": {
            "count": 9,
            "hit1": 0.1111111111111111,
            "hit3": 0.5555555555555556
        },
        "S\u00dcRPR\u0130ZE_A\u00c7IK": {
            "count": 1,
            "hit1": 0.0,
            "hit3": 0.0
        }
    }
}