{
    "races": 18,
    "hit_rate_top1": 0.1111111111111111,
    "hit_rate_top3": 0.6111111111111112,
    "hit_rate_top5": 0.6111111111111112,
    "surprise_winners_missed": 5,
    "risk_breakdown": {
        "NORMAL": {
            "count": 9,
            "hit1": 0.2222222222222222,
            "hit3": 0.6666666666666666
        },
        "R\u0130SKL\u0130": {
            "count": 7,
            "hit1": 0.0,
            "hit3": 0.42857142857142855
        },
        "S\u00dcRPR\u0130ZE_A\u00c7IK": {
            "count": 2,
            "hit1": 0.0,
            "hit3": 1.0
        }
    }
}