{
    "races": 20,
    "hit_rate_top1": 0.15,
    "hit_rate_top3": 0.45,
    "hit_rate_top5": 0.7,
    "surprise_winners_missed": 6,
    "risk_breakdown": {
        "NORMAL": {
            "count": 15,
            "hit1": 0.13333333333333333,
            "hit3": 0.4
        },
        "R\u0130SKL\u0130": {
            "count": 3,
            "hit1": 0.0,
            "hit3": 0.6666666666666666
        },
        "S\u00dcRPR\u0130ZE_A\u00c7IK": {
            "count": 2,
            "hit1": 0.5,
            "hit3": 0.5
        }
    }
}