{
    "races": 18,
    "hit_rate_top1": 0.3333333333333333,
    "hit_rate_top3": 0.5555555555555556,
    "hit_rate_top5": 0.6666666666666666,
    "surprise_winners_missed": 5,
    "risk_breakdown": {
        "NORMAL": {
            "count": 13,
            "hit1": 0.46153846153846156,
            "hit3": 0.7692307692307693
        },
        "R\u0130SKL\u0130": {
            "count": 4,
            "hit1": 0.0,
            "hit3": 0.0
        },
        "S\u00dcRPR\u0130ZE_A\u00c7IK": {
            "count": 1,
            "hit1": 0.0,
            "hit3": 0.0
        }
    }
}