{
    "races": 18,
    "hit_rate_top1": 0.2777777777777778,
    "hit_rate_top3": 0.6111111111111112,
    "hit_rate_top5": 0.7222222222222222,
    "surprise_winners_missed": 4,
    "risk_breakdown": {
        "NORMAL": {
            "count": 14,
            "hit1": 0.2857142857142857,
            "hit3": 0.6428571428571429
        },
        "R\u0130SKL\u0130": {
            "count": 2,
            "hit1": 0.5,
            "hit3": 0.5
        },
        "S\u00dcRPR\u0130ZE_A\u00c7IK": {
            "count": 2,
            "hit1": 0.0,
            "hit3": 0.5
        }
    }
}