{
    "races": 19,
    "hit_rate_top1": 0.10526315789473684,
    "hit_rate_top3": 0.5789473684210527,
    "hit_rate_top5": 0.7894736842105263,
    "surprise_winners_missed": 2,
    "risk_breakdown": {
        "NORMAL": {
            "count": 15,
            "hit1": 0.06666666666666667,
            "hit3": 0.6666666666666666
        },
        "R\u0130SKL\u0130": {
            "count": 4,
            "hit1": 0.25,
            "hit3": 0.25
        }
    }
}