{
    "races": 18,
    "hit_rate_top1": 0.16666666666666666,
    "hit_rate_top3": 0.7222222222222222,
    "hit_rate_top5": 0.8333333333333334,
    "surprise_winners_missed": 2,
    "risk_breakdown": {
        "NORMAL": {
            "count": 12,
            "hit1": 0.08333333333333333,
            "hit3": 0.6666666666666666
        },
        "R\u0130SKL\u0130": {
            "count": 6,
            "hit1": 0.3333333333333333,
            "hit3": 0.8333333333333334
        }
    }
}