{
    "races": 19,
    "hit_rate_top1": 0.21052631578947367,
    "hit_rate_top3": 0.5789473684210527,
    "hit_rate_top5": 0.9473684210526315,
    "surprise_winners_missed": 1,
    "risk_breakdown": {
        "NORMAL": {
            "count": 7,
            "hit1": 0.2857142857142857,
            "hit3": 0.8571428571428571
        },
        "R\u0130SKL\u0130": {
            "count": 6,
            "hit1": 0.0,
            "hit3": 0.16666666666666666
        },
        "S\u00dcRPR\u0130ZE_A\u00c7IK": {
            "count": 6,
            "hit1": 0.3333333333333333,
            "hit3": 0.6666666666666666
        }
    }
}