{
    "races": 18,
    "hit_rate_top1": 0.16666666666666666,
    "hit_rate_top3": 0.4444444444444444,
    "hit_rate_top5": 0.7777777777777778,
    "surprise_winners_missed": 2,
    "risk_breakdown": {
        "NORMAL": {
            "count": 11,
            "hit1": 0.18181818181818182,
            "hit3": 0.5454545454545454
        },
        "R\u0130SKL\u0130": {
            "count": 5,
            "hit1": 0.0,
            "hit3": 0.0
        },
        "S\u00dcRPR\u0130ZE_A\u00c7IK": {
            "count": 2,
            "hit1": 0.5,
            "hit3": 1.0
        }
    }
}