{
    "races": 18,
    "hit_rate_top1": 0.2777777777777778,
    "hit_rate_top3": 0.6666666666666666,
    "hit_rate_top5": 0.7777777777777778,
    "surprise_winners_missed": 3,
    "risk_breakdown": {
        "NORMAL": {
            "count": 11,
            "hit1": 0.18181818181818182,
            "hit3": 0.5454545454545454
        },
        "R\u0130SKL\u0130": {
            "count": 4,
            "hit1": 0.0,
            "hit3": 0.75
        },
        "S\u00dcRPR\u0130ZE_A\u00c7IK": {
            "count": 3,
            "hit1": 1.0,
            "hit3": 1.0
        }
    }
}