{
    "races": 17,
    "hit_rate_top1": 0.47058823529411764,
    "hit_rate_top3": 0.8823529411764706,
    "hit_rate_top5": 0.8823529411764706,
    "surprise_winners_missed": 1,
    "risk_breakdown": {
        "NORMAL": {
            "count": 11,
            "hit1": 0.5454545454545454,
            "hit3": 0.9090909090909091
        },
        "R\u0130SKL\u0130": {
            "count": 5,
            "hit1": 0.2,
            "hit3": 0.8
        },
        "S\u00dcRPR\u0130ZE_A\u00c7IK": {
            "count": 1,
            "hit1": 1.0,
            "hit3": 1.0
        }
    }
}