{
    "races": 19,
    "hit_rate_top1": 0.47368421052631576,
    "hit_rate_top3": 0.5789473684210527,
    "hit_rate_top5": 0.7368421052631579,
    "surprise_winners_missed": 4,
    "risk_breakdown": {
        "NORMAL": {
            "count": 13,
            "hit1": 0.46153846153846156,
            "hit3": 0.6153846153846154
        },
        "R\u0130SKL\u0130": {
            "count": 5,
            "hit1": 0.6,
            "hit3": 0.6
        },
        "S\u00dcRPR\u0130ZE_A\u00c7IK": {
            "count": 1,
            "hit1": 0.0,
            "hit3": 0.0
        }
    }
}