{
    "races": 18,
    "hit_rate_top1": 0.16666666666666666,
    "hit_rate_top3": 0.6111111111111112,
    "hit_rate_top5": 0.7222222222222222,
    "surprise_winners_missed": 4,
    "risk_breakdown": {
        "NORMAL": {
            "count": 6,
            "hit1": 0.3333333333333333,
            "hit3": 0.8333333333333334
        },
        "R\u0130SKL\u0130": {
            "count": 10,
            "hit1": 0.0,
            "hit3": 0.4
        },
        "S\u00dcRPR\u0130ZE_A\u00c7IK": {
            "count": 2,
            "hit1": 0.5,
            "hit3": 1.0
        }
    }
}