{
    "races": 18,
    "hit_rate_top1": 0.2222222222222222,
    "hit_rate_top3": 0.7777777777777778,
    "hit_rate_top5": 0.8888888888888888,
    "surprise_winners_missed": 2,
    "risk_breakdown": {
        "NORMAL": {
            "count": 13,
            "hit1": 0.23076923076923078,
            "hit3": 0.8461538461538461
        },
        "R\u0130SKL\u0130": {
            "count": 3,
            "hit1": 0.3333333333333333,
            "hit3": 0.6666666666666666
        },
        "S\u00dcRPR\u0130ZE_A\u00c7IK": {
            "count": 2,
            "hit1": 0.0,
            "hit3": 0.5
        }
    }
}