{
    "races": 18,
    "hit_rate_top1": 0.5555555555555556,
    "hit_rate_top3": 0.7777777777777778,
    "hit_rate_top5": 0.8333333333333334,
    "surprise_winners_missed": 2,
    "risk_breakdown": {
        "NORMAL": {
            "count": 8,
            "hit1": 0.875,
            "hit3": 1.0
        },
        "R\u0130SKL\u0130": {
            "count": 10,
            "hit1": 0.3,
            "hit3": 0.6
        }
    }
}