{
    "races": 18,
    "hit_rate_top1": 0.2222222222222222,
    "hit_rate_top3": 0.5,
    "hit_rate_top5": 0.7222222222222222,
    "surprise_winners_missed": 4,
    "risk_breakdown": {
        "BANKO": {
            "count": 1,
            "hit1": 1.0,
            "hit3": 1.0
        },
        "NORMAL": {
            "count": 9,
            "hit1": 0.1111111111111111,
            "hit3": 0.6666666666666666
        },
        "R\u0130SKL\u0130": {
            "count": 7,
            "hit1": 0.2857142857142857,
            "hit3": 0.2857142857142857
        },
        "S\u00dcRPR\u0130ZE_A\u00c7IK": {
            "count": 1,
            "hit1": 0.0,
            "hit3": 0.0
        }
    }
}