{
    "races": 17,
    "hit_rate_top1": 0.23529411764705882,
    "hit_rate_top3": 0.6470588235294118,
    "hit_rate_top5": 0.8235294117647058,
    "surprise_winners_missed": 1,
    "risk_breakdown": {
        "NORMAL": {
            "count": 15,
            "hit1": 0.26666666666666666,
            "hit3": 0.7333333333333333
        },
        "R\u0130SKL\u0130": {
            "count": 2,
            "hit1": 0.0,
            "hit3": 0.0
        }
    }
}