{
    "races": 20,
    "hit_rate_top1": 0.2,
    "hit_rate_top3": 0.65,
    "hit_rate_top5": 0.9,
    "surprise_winners_missed": 1,
    "risk_breakdown": {
        "NORMAL": {
            "count": 18,
            "hit1": 0.1111111111111111,
            "hit3": 0.6111111111111112
        },
        "R\u0130SKL\u0130": {
            "count": 1,
            "hit1": 1.0,
            "hit3": 1.0
        },
        "S\u00dcRPR\u0130ZE_A\u00c7IK": {
            "count": 1,
            "hit1": 1.0,
            "hit3": 1.0
        }
    }
}