{
    "races": 19,
    "hit_rate_top1": 0.3157894736842105,
    "hit_rate_top3": 0.5263157894736842,
    "hit_rate_top5": 0.8947368421052632,
    "surprise_winners_missed": 2,
    "risk_breakdown": {
        "NORMAL": {
            "count": 16,
            "hit1": 0.3125,
            "hit3": 0.5625
        },
        "R\u0130SKL\u0130": {
            "count": 2,
            "hit1": 0.5,
            "hit3": 0.5
        },
        "S\u00dcRPR\u0130ZE_A\u00c7IK": {
            "count": 1,
            "hit1": 0.0,
            "hit3": 0.0
        }
    }
}