{
    "races": 18,
    "hit_rate_top1": 0.2777777777777778,
    "hit_rate_top3": 0.6111111111111112,
    "hit_rate_top5": 0.6666666666666666,
    "surprise_winners_missed": 3,
    "risk_breakdown": {
        "NORMAL": {
            "count": 15,
            "hit1": 0.26666666666666666,
            "hit3": 0.6666666666666666
        },
        "S\u00dcRPR\u0130ZE_A\u00c7IK": {
            "count": 3,
            "hit1": 0.3333333333333333,
            "hit3": 0.3333333333333333
        }
    }
}