{
    "races": 19,
    "hit_rate_top1": 0.21052631578947367,
    "hit_rate_top3": 0.42105263157894735,
    "hit_rate_top5": 0.7368421052631579,
    "surprise_winners_missed": 4,
    "risk_breakdown": {
        "NORMAL": {
            "count": 8,
            "hit1": 0.125,
            "hit3": 0.375
        },
        "R\u0130SKL\u0130": {
            "count": 9,
            "hit1": 0.2222222222222222,
            "hit3": 0.4444444444444444
        },
        "S\u00dcRPR\u0130ZE_A\u00c7IK": {
            "count": 2,
            "hit1": 0.5,
            "hit3": 0.5
        }
    }
}