{
    "races": 25,
    "hit_rate_top1": 0.24,
    "hit_rate_top3": 0.6,
    "hit_rate_top5": 0.76,
    "surprise_winners_missed": 6,
    "risk_breakdown": {
        "NORMAL": {
            "count": 14,
            "hit1": 0.2857142857142857,
            "hit3": 0.7142857142857143
        },
        "R\u0130SKL\u0130": {
            "count": 11,
            "hit1": 0.18181818181818182,
            "hit3": 0.45454545454545453
        }
    }
}