{
    "races": 18,
    "hit_rate_top1": 0.3333333333333333,
    "hit_rate_top3": 0.6666666666666666,
    "hit_rate_top5": 0.8333333333333334,
    "surprise_winners_missed": 1,
    "risk_breakdown": {
        "NORMAL": {
            "count": 12,
            "hit1": 0.5,
            "hit3": 0.8333333333333334
        },
        "R\u0130SKL\u0130": {
            "count": 3,
            "hit1": 0.0,
            "hit3": 0.3333333333333333
        },
        "S\u00dcRPR\u0130ZE_A\u00c7IK": {
            "count": 3,
            "hit1": 0.0,
            "hit3": 0.3333333333333333
        }
    }
}