{
    "races": 17,
    "hit_rate_top1": 0.17647058823529413,
    "hit_rate_top3": 0.47058823529411764,
    "hit_rate_top5": 0.7058823529411765,
    "surprise_winners_missed": 4,
    "risk_breakdown": {
        "NORMAL": {
            "count": 10,
            "hit1": 0.3,
            "hit3": 0.8
        },
        "R\u0130SKL\u0130": {
            "count": 6,
            "hit1": 0.0,
            "hit3": 0.0
        },
        "S\u00dcRPR\u0130ZE_A\u00c7IK": {
            "count": 1,
            "hit1": 0.0,
            "hit3": 0.0
        }
    }
}