{
    "races": 18,
    "hit_rate_top1": 0.3888888888888889,
    "hit_rate_top3": 0.7777777777777778,
    "hit_rate_top5": 0.8333333333333334,
    "surprise_winners_missed": 0,
    "risk_breakdown": {
        "NORMAL": {
            "count": 7,
            "hit1": 0.5714285714285714,
            "hit3": 0.7142857142857143
        },
        "R\u0130SKL\u0130": {
            "count": 10,
            "hit1": 0.3,
            "hit3": 0.8
        },
        "S\u00dcRPR\u0130ZE_A\u00c7IK": {
            "count": 1,
            "hit1": 0.0,
            "hit3": 1.0
        }
    }
}