{
    "races": 19,
    "hit_rate_top1": 0.10526315789473684,
    "hit_rate_top3": 0.5263157894736842,
    "hit_rate_top5": 0.8421052631578947,
    "surprise_winners_missed": 3,
    "risk_breakdown": {
        "NORMAL": {
            "count": 14,
            "hit1": 0.07142857142857142,
            "hit3": 0.42857142857142855
        },
        "R\u0130SKL\u0130": {
            "count": 3,
            "hit1": 0.0,
            "hit3": 0.6666666666666666
        },
        "S\u00dcRPR\u0130ZE_A\u00c7IK": {
            "count": 2,
            "hit1": 0.5,
            "hit3": 1.0
        }
    }
}