{
    "races": 19,
    "hit_rate_top1": 0.3157894736842105,
    "hit_rate_top3": 0.6842105263157895,
    "hit_rate_top5": 0.8421052631578947,
    "surprise_winners_missed": 0,
    "risk_breakdown": {
        "NORMAL": {
            "count": 17,
            "hit1": 0.23529411764705882,
            "hit3": 0.6470588235294118
        },
        "R\u0130SKL\u0130": {
            "count": 1,
            "hit1": 1.0,
            "hit3": 1.0
        },
        "S\u00dcRPR\u0130ZE_A\u00c7IK": {
            "count": 1,
            "hit1": 1.0,
            "hit3": 1.0
        }
    }
}