{
    "races": 16,
    "hit_rate_top1": 0.125,
    "hit_rate_top3": 0.4375,
    "hit_rate_top5": 0.75,
    "surprise_winners_missed": 3,
    "risk_breakdown": {
        "NORMAL": {
            "count": 7,
            "hit1": 0.2857142857142857,
            "hit3": 0.5714285714285714
        },
        "R\u0130SKL\u0130": {
            "count": 8,
            "hit1": 0.0,
            "hit3": 0.25
        },
        "S\u00dcRPR\u0130ZE_A\u00c7IK": {
            "count": 1,
            "hit1": 0.0,
            "hit3": 1.0
        }
    }
}