{
    "races": 26,
    "hit_rate_top1": 0.23076923076923078,
    "hit_rate_top3": 0.6153846153846154,
    "hit_rate_top5": 0.7692307692307693,
    "surprise_winners_missed": 5,
    "risk_breakdown": {
        "NORMAL": {
            "count": 17,
            "hit1": 0.23529411764705882,
            "hit3": 0.6470588235294118
        },
        "R\u0130SKL\u0130": {
            "count": 7,
            "hit1": 0.2857142857142857,
            "hit3": 0.42857142857142855
        },
        "S\u00dcRPR\u0130ZE_A\u00c7IK": {
            "count": 2,
            "hit1": 0.0,
            "hit3": 1.0
        }
    }
}