{
    "races": 19,
    "hit_rate_top1": 0.15789473684210525,
    "hit_rate_top3": 0.42105263157894735,
    "hit_rate_top5": 0.7368421052631579,
    "surprise_winners_missed": 4,
    "risk_breakdown": {
        "NORMAL": {
            "count": 13,
            "hit1": 0.23076923076923078,
            "hit3": 0.46153846153846156
        },
        "R\u0130SKL\u0130": {
            "count": 4,
            "hit1": 0.0,
            "hit3": 0.0
        },
        "S\u00dcRPR\u0130ZE_A\u00c7IK": {
            "count": 2,
            "hit1": 0.0,
            "hit3": 1.0
        }
    }
}