{
    "races": 17,
    "hit_rate_top1": 0.23529411764705882,
    "hit_rate_top3": 0.6470588235294118,
    "hit_rate_top5": 0.8823529411764706,
    "surprise_winners_missed": 1,
    "risk_breakdown": {
        "NORMAL": {
            "count": 7,
            "hit1": 0.14285714285714285,
            "hit3": 0.7142857142857143
        },
        "R\u0130SKL\u0130": {
            "count": 7,
            "hit1": 0.14285714285714285,
            "hit3": 0.5714285714285714
        },
        "S\u00dcRPR\u0130ZE_A\u00c7IK": {
            "count": 3,
            "hit1": 0.6666666666666666,
            "hit3": 0.6666666666666666
        }
    }
}