{
    "races": 18,
    "hit_rate_top1": 0.3888888888888889,
    "hit_rate_top3": 0.6111111111111112,
    "hit_rate_top5": 0.8333333333333334,
    "surprise_winners_missed": 1,
    "risk_breakdown": {
        "NORMAL": {
            "count": 9,
            "hit1": 0.3333333333333333,
            "hit3": 0.5555555555555556
        },
        "R\u0130SKL\u0130": {
            "count": 5,
            "hit1": 0.4,
            "hit3": 0.6
        },
        "S\u00dcRPR\u0130ZE_A\u00c7IK": {
            "count": 4,
            "hit1": 0.5,
            "hit3": 0.75
        }
    }
}