{
    "races": 19,
    "hit_rate_top1": 0.0,
    "hit_rate_top3": 0.2631578947368421,
    "hit_rate_top5": 0.5263157894736842,
    "surprise_winners_missed": 7,
    "risk_breakdown": {
        "NORMAL": {
            "count": 11,
            "hit1": 0.0,
            "hit3": 0.36363636363636365
        },
        "R\u0130SKL\u0130": {
            "count": 6,
            "hit1": 0.0,
            "hit3": 0.0
        },
        "S\u00dcRPR\u0130ZE_A\u00c7IK": {
            "count": 2,
            "hit1": 0.0,
            "hit3": 0.5
        }
    }
}