{
    "races": 16,
    "hit_rate_top1": 0.25,
    "hit_rate_top3": 0.5625,
    "hit_rate_top5": 0.8125,
    "surprise_winners_missed": 1,
    "risk_breakdown": {
        "NORMAL": {
            "count": 11,
            "hit1": 0.2727272727272727,
            "hit3": 0.5454545454545454
        },
        "R\u0130SKL\u0130": {
            "count": 4,
            "hit1": 0.25,
            "hit3": 0.5
        },
        "S\u00dcRPR\u0130ZE_A\u00c7IK": {
            "count": 1,
            "hit1": 0.0,
            "hit3": 1.0
        }
    }
}