{
    "races": 17,
    "hit_rate_top1": 0.058823529411764705,
    "hit_rate_top3": 0.4117647058823529,
    "hit_rate_top5": 0.7647058823529411,
    "surprise_winners_missed": 4,
    "risk_breakdown": {
        "NORMAL": {
            "count": 9,
            "hit1": 0.1111111111111111,
            "hit3": 0.4444444444444444
        },
        "R\u0130SKL\u0130": {
            "count": 7,
            "hit1": 0.0,
            "hit3": 0.42857142857142855
        },
        "S\u00dcRPR\u0130ZE_A\u00c7IK": {
            "count": 1,
            "hit1": 0.0,
            "hit3": 0.0
        }
    }
}