{
    "races": 17,
    "hit_rate_top1": 0.29411764705882354,
    "hit_rate_top3": 0.4117647058823529,
    "hit_rate_top5": 0.7058823529411765,
    "surprise_winners_missed": 4,
    "risk_breakdown": {
        "NORMAL": {
            "count": 13,
            "hit1": 0.3076923076923077,
            "hit3": 0.46153846153846156
        },
        "R\u0130SKL\u0130": {
            "count": 4,
            "hit1": 0.25,
            "hit3": 0.25
        }
    }
}