{
    "races": 16,
    "hit_rate_top1": 0.25,
    "hit_rate_top3": 0.375,
    "hit_rate_top5": 0.5625,
    "surprise_winners_missed": 5,
    "risk_breakdown": {
        "NORMAL": {
            "count": 6,
            "hit1": 0.5,
            "hit3": 0.6666666666666666
        },
        "R\u0130SKL\u0130": {
            "count": 7,
            "hit1": 0.14285714285714285,
            "hit3": 0.2857142857142857
        },
        "S\u00dcRPR\u0130ZE_A\u00c7IK": {
            "count": 3,
            "hit1": 0.0,
            "hit3": 0.0
        }
    }
}