{
    "races": 20,
    "hit_rate_top1": 0.2,
    "hit_rate_top3": 0.6,
    "hit_rate_top5": 0.85,
    "surprise_winners_missed": 2,
    "risk_breakdown": {
        "NORMAL": {
            "count": 10,
            "hit1": 0.3,
            "hit3": 0.7
        },
        "R\u0130SKL\u0130": {
            "count": 7,
            "hit1": 0.14285714285714285,
            "hit3": 0.42857142857142855
        },
        "S\u00dcRPR\u0130ZE_A\u00c7IK": {
            "count": 3,
            "hit1": 0.0,
            "hit3": 0.6666666666666666
        }
    }
}