{
    "races": 19,
    "hit_rate_top1": 0.2631578947368421,
    "hit_rate_top3": 0.5789473684210527,
    "hit_rate_top5": 0.6842105263157895,
    "surprise_winners_missed": 3,
    "risk_breakdown": {
        "NORMAL": {
            "count": 14,
            "hit1": 0.35714285714285715,
            "hit3": 0.6428571428571429
        },
        "R\u0130SKL\u0130": {
            "count": 4,
            "hit1": 0.0,
            "hit3": 0.5
        },
        "S\u00dcRPR\u0130ZE_A\u00c7IK": {
            "count": 1,
            "hit1": 0.0,
            "hit3": 0.0
        }
    }
}