{
    "races": 17,
    "hit_rate_top1": 0.23529411764705882,
    "hit_rate_top3": 0.5882352941176471,
    "hit_rate_top5": 0.7058823529411765,
    "surprise_winners_missed": 2,
    "risk_breakdown": {
        "NORMAL": {
            "count": 14,
            "hit1": 0.2857142857142857,
            "hit3": 0.6428571428571429
        },
        "R\u0130SKL\u0130": {
            "count": 2,
            "hit1": 0.0,
            "hit3": 0.5
        },
        "S\u00dcRPR\u0130ZE_A\u00c7IK": {
            "count": 1,
            "hit1": 0.0,
            "hit3": 0.0
        }
    }
}