{
    "races": 18,
    "hit_rate_top1": 0.2222222222222222,
    "hit_rate_top3": 0.5555555555555556,
    "hit_rate_top5": 0.7222222222222222,
    "surprise_winners_missed": 5,
    "risk_breakdown": {
        "BANKO": {
            "count": 1,
            "hit1": 1.0,
            "hit3": 1.0
        },
        "NORMAL": {
            "count": 10,
            "hit1": 0.3,
            "hit3": 0.7
        },
        "R\u0130SKL\u0130": {
            "count": 5,
            "hit1": 0.0,
            "hit3": 0.4
        },
        "S\u00dcRPR\u0130ZE_A\u00c7IK": {
            "count": 2,
            "hit1": 0.0,
            "hit3": 0.0
        }
    }
}