{
    "races": 19,
    "hit_rate_top1": 0.3157894736842105,
    "hit_rate_top3": 0.5789473684210527,
    "hit_rate_top5": 0.7368421052631579,
    "surprise_winners_missed": 3
}