{
    "races": 17,
    "hit_rate_top1": 0.058823529411764705,
    "hit_rate_top3": 0.23529411764705882,
    "hit_rate_top5": 0.6470588235294118,
    "surprise_winners_missed": 5,
    "risk_breakdown": {
        "NORMAL": {
            "count": 8,
            "hit1": 0.125,
            "hit3": 0.375
        },
        "R\u0130SKL\u0130": {
            "count": 8,
            "hit1": 0.0,
            "hit3": 0.125
        },
        "S\u00dcRPR\u0130ZE_A\u00c7IK": {
            "count": 1,
            "hit1": 0.0,
            "hit3": 0.0
        }
    }
}