{
    "races": 19,
    "hit_rate_top1": 0.21052631578947367,
    "hit_rate_top3": 0.5789473684210527,
    "hit_rate_top5": 0.8421052631578947,
    "surprise_winners_missed": 3,
    "risk_breakdown": {
        "NORMAL": {
            "count": 13,
            "hit1": 0.23076923076923078,
            "hit3": 0.6153846153846154
        },
        "R\u0130SKL\u0130": {
            "count": 6,
            "hit1": 0.16666666666666666,
            "hit3": 0.5
        }
    }
}