{
    "races": 19,
    "hit_rate_top1": 0.3684210526315789,
    "hit_rate_top3": 0.7368421052631579,
    "hit_rate_top5": 0.7894736842105263,
    "surprise_winners_missed": 3,
    "risk_breakdown": {
        "NORMAL": {
            "count": 15,
            "hit1": 0.4,
            "hit3": 0.8666666666666667
        },
        "R\u0130SKL\u0130": {
            "count": 3,
            "hit1": 0.3333333333333333,
            "hit3": 0.3333333333333333
        },
        "S\u00dcRPR\u0130ZE_A\u00c7IK": {
            "count": 1,
            "hit1": 0.0,
            "hit3": 0.0
        }
    }
}