{
    "races": 18,
    "hit_rate_top1": 0.05555555555555555,
    "hit_rate_top3": 0.3888888888888889,
    "hit_rate_top5": 0.4444444444444444,
    "surprise_winners_missed": 7,
    "risk_breakdown": {
        "NORMAL": {
            "count": 12,
            "hit1": 0.08333333333333333,
            "hit3": 0.4166666666666667
        },
        "R\u0130SKL\u0130": {
            "count": 5,
            "hit1": 0.0,
            "hit3": 0.4
        },
        "S\u00dcRPR\u0130ZE_A\u00c7IK": {
            "count": 1,
            "hit1": 0.0,
            "hit3": 0.0
        }
    }
}