{
    "races": 19,
    "hit_rate_top1": 0.21052631578947367,
    "hit_rate_top3": 0.5789473684210527,
    "hit_rate_top5": 0.6842105263157895,
    "surprise_winners_missed": 5
}