{
    "races": 18,
    "hit_rate_top1": 0.2777777777777778,
    "hit_rate_top3": 0.6111111111111112,
    "hit_rate_top5": 0.7777777777777778,
    "surprise_winners_missed": 3,
    "risk_breakdown": {
        "NORMAL": {
            "count": 13,
            "hit1": 0.23076923076923078,
            "hit3": 0.6923076923076923
        },
        "R\u0130SKL\u0130": {
            "count": 3,
            "hit1": 0.0,
            "hit3": 0.0
        },
        "S\u00dcRPR\u0130ZE_A\u00c7IK": {
            "count": 2,
            "hit1": 1.0,
            "hit3": 1.0
        }
    }
}