{
    "races": 16,
    "hit_rate_top1": 0.1875,
    "hit_rate_top3": 0.625,
    "hit_rate_top5": 0.875,
    "surprise_winners_missed": 1,
    "risk_breakdown": {
        "NORMAL": {
            "count": 11,
            "hit1": 0.18181818181818182,
            "hit3": 0.5454545454545454
        },
        "R\u0130SKL\u0130": {
            "count": 4,
            "hit1": 0.0,
            "hit3": 0.75
        },
        "S\u00dcRPR\u0130ZE_A\u00c7IK": {
            "count": 1,
            "hit1": 1.0,
            "hit3": 1.0
        }
    }
}