{
    "races": 18,
    "hit_rate_top1": 0.3333333333333333,
    "hit_rate_top3": 0.5555555555555556,
    "hit_rate_top5": 0.8333333333333334,
    "surprise_winners_missed": 3
}