{
    "races": 19,
    "hit_rate_top1": 0.3684210526315789,
    "hit_rate_top3": 0.5789473684210527,
    "hit_rate_top5": 0.7894736842105263,
    "surprise_winners_missed": 3,
    "risk_breakdown": {
        "NORMAL": {
            "count": 8,
            "hit1": 0.375,
            "hit3": 0.625
        },
        "R\u0130SKL\u0130": {
            "count": 7,
            "hit1": 0.14285714285714285,
            "hit3": 0.42857142857142855
        },
        "S\u00dcRPR\u0130ZE_A\u00c7IK": {
            "count": 4,
            "hit1": 0.75,
            "hit3": 0.75
        }
    }
}