{
    "races": 18,
    "hit_rate_top1": 0.2222222222222222,
    "hit_rate_top3": 0.4444444444444444,
    "hit_rate_top5": 0.7222222222222222,
    "surprise_winners_missed": 5,
    "risk_breakdown": {
        "NORMAL": {
            "count": 7,
            "hit1": 0.0,
            "hit3": 0.42857142857142855
        },
        "R\u0130SKL\u0130": {
            "count": 7,
            "hit1": 0.2857142857142857,
            "hit3": 0.42857142857142855
        },
        "S\u00dcRPR\u0130ZE_A\u00c7IK": {
            "count": 4,
            "hit1": 0.5,
            "hit3": 0.5
        }
    }
}