{
    "races": 19,
    "hit_rate_top1": 0.3684210526315789,
    "hit_rate_top3": 0.5263157894736842,
    "hit_rate_top5": 0.631578947368421,
    "surprise_winners_missed": 4,
    "risk_breakdown": {
        "NORMAL": {
            "count": 11,
            "hit1": 0.2727272727272727,
            "hit3": 0.5454545454545454
        },
        "R\u0130SKL\u0130": {
            "count": 7,
            "hit1": 0.5714285714285714,
            "hit3": 0.5714285714285714
        },
        "S\u00dcRPR\u0130ZE_A\u00c7IK": {
            "count": 1,
            "hit1": 0.0,
            "hit3": 0.0
        }
    }
}