{
    "races": 18,
    "hit_rate_top1": 0.1111111111111111,
    "hit_rate_top3": 0.6666666666666666,
    "hit_rate_top5": 0.8888888888888888,
    "surprise_winners_missed": 2,
    "risk_breakdown": {
        "NORMAL": {
            "count": 14,
            "hit1": 0.14285714285714285,
            "hit3": 0.7142857142857143
        },
        "R\u0130SKL\u0130": {
            "count": 4,
            "hit1": 0.0,
            "hit3": 0.5
        }
    }
}