{
    "races": 18,
    "hit_rate_top1": 0.2777777777777778,
    "hit_rate_top3": 0.6111111111111112,
    "hit_rate_top5": 0.8888888888888888,
    "surprise_winners_missed": 2,
    "risk_breakdown": {
        "NORMAL": {
            "count": 11,
            "hit1": 0.2727272727272727,
            "hit3": 0.7272727272727273
        },
        "R\u0130SKL\u0130": {
            "count": 6,
            "hit1": 0.16666666666666666,
            "hit3": 0.3333333333333333
        },
        "S\u00dcRPR\u0130ZE_A\u00c7IK": {
            "count": 1,
            "hit1": 1.0,
            "hit3": 1.0
        }
    }
}