{
    "races": 19,
    "hit_rate_top1": 0.42105263157894735,
    "hit_rate_top3": 0.7894736842105263,
    "hit_rate_top5": 0.8421052631578947,
    "surprise_winners_missed": 2,
    "risk_breakdown": {
        "NORMAL": {
            "count": 12,
            "hit1": 0.3333333333333333,
            "hit3": 0.8333333333333334
        },
        "R\u0130SKL\u0130": {
            "count": 2,
            "hit1": 0.5,
            "hit3": 0.5
        },
        "S\u00dcRPR\u0130ZE_A\u00c7IK": {
            "count": 5,
            "hit1": 0.6,
            "hit3": 0.8
        }
    }
}