{
    "races": 19,
    "hit_rate_top1": 0.42105263157894735,
    "hit_rate_top3": 0.631578947368421,
    "hit_rate_top5": 0.8947368421052632,
    "surprise_winners_missed": 2,
    "risk_breakdown": {
        "NORMAL": {
            "count": 9,
            "hit1": 0.5555555555555556,
            "hit3": 0.7777777777777778
        },
        "R\u0130SKL\u0130": {
            "count": 8,
            "hit1": 0.25,
            "hit3": 0.375
        },
        "S\u00dcRPR\u0130ZE_A\u00c7IK": {
            "count": 2,
            "hit1": 0.5,
            "hit3": 1.0
        }
    }
}