{
    "win_auc": 0.6718594883543337,
    "win_logloss": 0.3424334579970965,
    "place_auc": 0.6610423420768248,
    "place_logloss": 0.6032748960244071,
    "hit_rate@1": 0.24074074074074073,
    "hit_rate@3": 0.5370370370370371,
    "hit_rate@5": 0.7222222222222222,
    "total_races": 54,
    "surprise_total": 12,
    "surprise_rate": 0.2222222222222222
}